{
  "mood_great": {
    "precision": 0.0,
    "recall": 0.0,
    "f1-score": 0.0,
    "support": 2
  },
  "utter_did_that_help": {
    "precision": 0.0,
    "recall": 0.0,
    "f1-score": 0.0,
    "support": 3
  },
  "mood_unhappy": {
    "precision": 0.0,
    "recall": 0.0,
    "f1-score": 0.0,
    "support": 3
  },
  "deny": {
    "precision": 0.0,
    "recall": 0.0,
    "f1-score": 0.0,
    "support": 2
  },
  "affirm": {
    "precision": 0.0,
    "recall": 0.0,
    "f1-score": 0.0,
    "support": 1
  },
  "bot_challenge": {
    "precision": 0.0,
    "recall": 0.0,
    "f1-score": 0.0,
    "support": 1
  },
  "goodbye": {
    "precision": 0.6666666666666666,
    "recall": 1.0,
    "f1-score": 0.8,
    "support": 2
  },
  "utter_goodbye": {
    "precision": 1.0,
    "recall": 0.5,
    "f1-score": 0.6666666666666666,
    "support": 4
  },
  "utter_happy": {
    "precision": 0.0,
    "recall": 0.0,
    "f1-score": 0.0,
    "support": 3
  },
  "utter_cheer_up": {
    "precision": 0.0,
    "recall": 0.0,
    "f1-score": 0.0,
    "support": 3
  },
  "greet": {
    "precision": 0.45454545454545453,
    "recall": 1.0,
    "f1-score": 0.625,
    "support": 5
  },
  "utter_iamabot": {
    "precision": 1.0,
    "recall": 1.0,
    "f1-score": 1.0,
    "support": 1
  },
  "action_listen": {
    "precision": 0.8421052631578947,
    "recall": 1.0,
    "f1-score": 0.9142857142857143,
    "support": 16
  },
  "utter_greet": {
    "precision": 1.0,
    "recall": 1.0,
    "f1-score": 1.0,
    "support": 5
  },
  "micro avg": {
    "precision": 0.7560975609756098,
    "recall": 0.6078431372549019,
    "f1-score": 0.6739130434782609,
    "support": 51
  },
  "macro avg": {
    "precision": 0.35452267031214396,
    "recall": 0.39285714285714285,
    "f1-score": 0.3575680272108844,
    "support": 51
  },
  "weighted avg": {
    "precision": 0.5309753885605278,
    "recall": 0.6078431372549019,
    "f1-score": 0.5494164332399626,
    "support": 51
  },
  "accuracy": 0.6078431372549019,
  "conversation_accuracy": {
    "accuracy": 0.14285714285714285,
    "correct": 1,
    "with_warnings": 0,
    "total": 7
  }
}